,Name,Address,Latitude,Longitude
0,Mad Eliza's Cakes & Confections,Topeka,39.0016264,-95.7820887
1,Sam's Club Bakery,"1401 Southwest Wanamaker Road, Topeka",39.04149879999999,-95.7646251
2,Cold Stone Creamery,"1227 Southwest Wanamaker Road Ste 100, Topeka",39.0449945,-95.763936
3,Smallcakes Topeka,"1223 Southwest Wanamaker Road #300, Topeka",39.0449889,-95.7623443
4,Panera Bread,"1421 Southwest Wanamaker Road, Topeka",39.04092299999999,-95.762263
5,Walmart Bakery,"1501 Southwest Wanamaker Road, Topeka",39.039818800000006,-95.7645465
6,Perkins Restaurant & Bakery,"1720 Southwest Wanamaker Road, Topeka",39.0351831,-95.7615392
7,Bakers Dozen 17th,"5938 Southwest 17th Street #400, Topeka",39.0369924,-95.7601425
8,Cookies by Gayla,"1801 Southwest Wanamaker Road, Topeka",39.0324592,-95.7657713
9,Cookie Boutique,Topeka,39.0320586,-95.7662791
10,Kan You Say Oh Yum,"5745 Southwest 69th Street, Auburn",38.9419555,-95.7570257
11,Le Petit Bon Bon,"835 Southwest Fairlawn Road, Topeka",39.053254300000006,-95.7437105
12,Dillons Bakery,"5315 Southwest 22nd Place, Topeka",39.0265135,-95.7451206
13,Pizagel's Pizza & Bakery,"2830 Southwest Fairlawn Road, Topeka",39.0152339,-95.7434052
14,Baskin-Robbins,"4400 Southwest 21st Street, Topeka",39.030025200000004,-95.73065720000001
15,Daylight Donuts,"4201 Southwest 21st Street, Topeka",39.029140500000004,-95.7280502
16,Dillons Bakery,"4015 Southwest 10th Avenue, Topeka",39.050693599999995,-95.7275036
17,Baking Traditions,"4036 Southwest Huntoon Street, Topeka",39.044173,-95.7267941
18,Schlotzsky's,"2019 Southwest Gage Boulevard, Topeka",39.0305526,-95.7259309
19,Dunkin',"4009 Southwest 21st Street, Topeka",39.0291848,-95.72696280000001
20,Baker's Dozen 6th Street,"2601 Southwest 6th Avenue, Topeka",39.0583399,-95.7073852
21,Walmart Bakery,"335 Southwest Macvicar Avenue, Topeka",39.0599126,-95.7083491
22,Josey Baking Co.,"3119 Southwest Huntoon Street, Topeka",39.04379429999999,-95.71625390000001
23,Simply Sarah's Catering,"1518 Southwest 41st Street, Topeka",38.99571299999999,-95.698132
24,Paradise Donuts,"1620 Southwest 6th Avenue, Topeka",39.057931200000006,-95.6953878
25,Roxie's Donut Dive & Coffee,"1440 Southwest Huntoon Street, Topeka",39.044756299999996,-95.69629090000001
26,Bimbo Baking Co,"4100 Southwest Martin Drive # 1, Topeka",38.9945371,-95.6965266
27,Walmart Bakery,"1301 Southwest 37th Street, Topeka",38.9988477,-95.6943546
28,Schlotzsky's,"400 Southwest 29th Street Z, Topeka",39.016167700000004,-95.6869783
29,Scooter's Coffee,"2909 Southwest Topeka Boulevard, Topeka",39.0137953,-95.6880586
30,Walmart Bakery,"2600 Northwest Rochester Road, Topeka",39.0936964,-95.6717619
31,Shana Cake,"435 South Kansas Avenue, Topeka",39.053377000000005,-95.672933
32,Daylight Donuts,"1001 Southeast Quincy Street, Topeka",39.0454427,-95.6746954
33,El Torito Topeka,"3000 Northwest Topeka Boulevard, Topeka",39.100584000000005,-95.66303640000001
34,Paradise Donuts North,"2037 Northwest Topeka Boulevard, Topeka",39.087109399999996,-95.6654335
35,Baker's Dozen Donuts North,"1949 Northwest Topeka Boulevard, Topeka",39.08469259999999,-95.66603190000001
36,Panderia Reynosa Bakery,"1200 Northeast Seward Avenue, Topeka",39.05904279999999,-95.6542677
37,Baskin-Robbins,"2837 Southeast California Avenue, Topeka",39.015386,-95.6521262
38,Walmart Bakery,"2630 Southeast California Avenue, Topeka",39.0205912,-95.64850770000001
39,Marlene Bakery,"1925 Northeast Seward Avenue, Topeka",39.058631899999995,-95.6449491
40,Panaderia Monterrey,"3154 Southeast 6th Avenue, Topeka",39.045601899999994,-95.6352172
